﻿<?xml version="1.0" encoding="utf-8"?><HelpTOCNode Title="FormPersonnel Methods" Url="html/8a088c8d-dd97-5915-6b92-7acacc4759f3.htm"><HelpTOCNode Title="Ajouter Method" Url="html/06a213ad-f93a-eebb-cb0e-4df33cfbb472.htm" /><HelpTOCNode Title="AjoutModifEnabled Method" Url="html/00dc3f5c-891c-2878-aca2-5c7be8ac4199.htm" /><HelpTOCNode Title="ClearAjoutModif Method" Url="html/edf321ee-91ce-7b0e-1b69-28b613d5f91d.htm" /><HelpTOCNode Title="Dispose Method" Url="html/df8aa4f6-c81c-a037-bef0-fb4977c58e3c.htm" HasChildren="true" /><HelpTOCNode Title="EnregisterAjoutModif Method" Url="html/d96b16af-811e-2369-0de1-5d4b81835185.htm" /><HelpTOCNode Title="HautEnabled Method" Url="html/60ece85e-5f2d-03b1-f5cc-5b659641f7d9.htm" /><HelpTOCNode Title="Modifier Method" Url="html/38a59410-54ff-7de7-b536-033cc8397ff4.htm" /><HelpTOCNode Title="RefreshData Method" Url="html/08b4f670-c739-8540-c42b-5e86c55ce1cf.htm" /><HelpTOCNode Title="ResetDisplay Method" Url="html/a844bd5c-0ec8-7dbd-46b4-e1e79e8665af.htm" /><HelpTOCNode Title="Supprimer Method" Url="html/eebdedc0-b445-3554-8642-2c0901d3b745.htm" /><HelpTOCNode Title="VoirAbsences Method" Url="html/03e11639-e855-a90d-29ff-9b64b47437c3.htm" /></HelpTOCNode>