﻿<?xml version="1.0" encoding="utf-8"?><HelpTOCNode Title="FormAbsences Methods" Url="html/c09dd7ad-ffcc-a814-1f1a-48e6a6fe06c0.htm"><HelpTOCNode Title="Ajouter Method" Url="html/b463a5d0-ff39-1958-17d5-8c1865d91d24.htm" /><HelpTOCNode Title="AjoutModifEnabled Method" Url="html/427091e6-0fba-696f-6a77-15f3e6f629dd.htm" /><HelpTOCNode Title="ClearAjoutModif Method" Url="html/9aa3c219-9d56-e81f-6cf8-0e4953a5fea4.htm" /><HelpTOCNode Title="Dispose Method" Url="html/cf54bb56-10d3-753e-d41a-a0e24ce8c763.htm" HasChildren="true" /><HelpTOCNode Title="EnregisterAjoutModif Method" Url="html/5f2ef7ea-f132-af8d-2884-10d990ce1111.htm" /><HelpTOCNode Title="Fermer Method" Url="html/667cd8e4-8f75-9321-48cd-bb27589fb1df.htm" /><HelpTOCNode Title="HautEnabled Method" Url="html/f01379a5-17e2-0037-d14c-ef14926d3a1e.htm" /><HelpTOCNode Title="Modifier Method" Url="html/5cec27f3-a330-1b53-4d26-ffe686ce3bc3.htm" /><HelpTOCNode Title="RefreshData Method" Url="html/a7366c21-7235-41db-fad0-6a639b8376eb.htm" /><HelpTOCNode Title="ResetDisplay Method" Url="html/22d10253-3900-a9b3-698a-0b328bf6a6b9.htm" /><HelpTOCNode Title="Supprimer Method" Url="html/b064b624-a628-efd9-e347-fcfdfb11fde8.htm" /><HelpTOCNode Title="VerifierAjout Method" Url="html/3518ac39-f58e-0ded-d4fb-7581712c067d.htm" /><HelpTOCNode Title="VerifierModification Method" Url="html/9279ff6b-6a93-5d15-aa0c-198bd2f19799.htm" /></HelpTOCNode>