﻿<?xml version="1.0" encoding="utf-8"?><toc><breadcrumbs><li><a href="d75eb659-6335-53f6-af7a-81814a21ab7f.htm">Docs</a></li><li><a href="d75eb659-6335-53f6-af7a-81814a21ab7f.htm">Namespaces</a></li></breadcrumbs><tocItems><li><a id="00bd21c3-3860-63ab-550b-38c25a4b29e0" class="has-submenu" href="00bd21c3-3860-63ab-550b-38c25a4b29e0.htm"><span data-tocFile="../toc/IDAA.xml" class="icon toggle" onclick="ToggleExpandCollapse(this); return false;"><i class="fa fa-angle-right"> </i></span>atelier<wbr />2persoabsences.<wbr />bddmanager</a><ul class="toc-menu is-hidden"> </ul></li><li><a id="20130808-7da4-d4c9-3981-c3a2a456d4bf" class="has-submenu" href="20130808-7da4-d4c9-3981-c3a2a456d4bf.htm"><span data-tocFile="../toc/IDBA.xml" class="icon toggle" onclick="ToggleExpandCollapse(this); return false;"><i class="fa fa-angle-right"> </i></span>atelier<wbr />2persoabsences.<wbr />dal</a><ul class="toc-menu is-hidden"> </ul></li><li><a id="e2313cd9-8009-7ec7-5803-557fbbf5b2a1" class="has-submenu" href="e2313cd9-8009-7ec7-5803-557fbbf5b2a1.htm"><span data-tocFile="../toc/IDCA.xml" class="icon toggle" onclick="ToggleExpandCollapse(this); return false;"><i class="fa fa-angle-right"> </i></span>atelier<wbr />2persoabsences.<wbr />model</a><ul class="toc-menu is-hidden"> </ul></li><li><a id="9822ef44-8f0f-6a55-a3d3-6494345b3e90" class="has-submenu" href="9822ef44-8f0f-6a55-a3d3-6494345b3e90.htm"><span data-tocFile="../toc/IDDA.xml" class="icon toggle" onclick="ToggleExpandCollapse(this); return false;"><i class="fa fa-angle-right"> </i></span>atelier<wbr />2persoabsences.<wbr />view</a><ul class="toc-menu is-hidden"> </ul></li></tocItems></toc>