﻿<?xml version="1.0" encoding="utf-8"?><toc><breadcrumbs><li><a href="d75eb659-6335-53f6-af7a-81814a21ab7f.htm">Docs</a></li><li><a href="d75eb659-6335-53f6-af7a-81814a21ab7f.htm">Namespaces</a></li><li><a href="00bd21c3-3860-63ab-550b-38c25a4b29e0.htm">atelier<wbr />2persoabsences.<wbr />bddmanager</a></li><li><a href="6469a492-c6ed-e706-4bec-d2fefe07152c.htm">Bdd<wbr />Manager</a></li><li><a href="4b3909e7-7b4f-c952-aadb-afbabbfe982c.htm">Methods</a></li></breadcrumbs><tocItems><li><a id="68e9a5e7-c80a-54b2-4b16-3640e2d4e345" href="68e9a5e7-c80a-54b2-4b16-3640e2d4e345.htm">Get<wbr />Instance</a></li><li><a id="0a8f6364-833f-8968-d663-1ac8fb743314" href="0a8f6364-833f-8968-d663-1ac8fb743314.htm">Req<wbr />Controle</a></li><li><a id="4de9a310-7788-c6f4-b41b-b9ec8cee8510" href="4de9a310-7788-c6f4-b41b-b9ec8cee8510.htm">Req<wbr />Select</a></li><li><a id="49490c1b-626e-caa9-22d0-7de2d1b93f46" href="49490c1b-626e-caa9-22d0-7de2d1b93f46.htm">Req<wbr />Update</a></li></tocItems></toc>