﻿<?xml version="1.0" encoding="utf-8"?><toc><breadcrumbs><li><a href="d75eb659-6335-53f6-af7a-81814a21ab7f.htm">Docs</a></li><li><a href="d75eb659-6335-53f6-af7a-81814a21ab7f.htm">Namespaces</a></li><li><a href="00bd21c3-3860-63ab-550b-38c25a4b29e0.htm">atelier<wbr />2persoabsences.<wbr />bddmanager</a></li></breadcrumbs><tocItems><li><a id="6469a492-c6ed-e706-4bec-d2fefe07152c" class="has-submenu" href="6469a492-c6ed-e706-4bec-d2fefe07152c.htm"><span data-tocFile="../toc/IDAAA.xml" class="icon toggle" onclick="ToggleExpandCollapse(this); return false;"><i class="fa fa-angle-right"> </i></span>Bdd<wbr />Manager</a><ul class="toc-menu is-hidden"> </ul></li></tocItems></toc>