﻿<?xml version="1.0" encoding="utf-8"?><toc><breadcrumbs><li><a href="d75eb659-6335-53f6-af7a-81814a21ab7f.htm">Docs</a></li><li><a href="d75eb659-6335-53f6-af7a-81814a21ab7f.htm">Namespaces</a></li><li><a href="00bd21c3-3860-63ab-550b-38c25a4b29e0.htm">atelier<wbr />2persoabsences.<wbr />bddmanager</a></li><li><a href="6469a492-c6ed-e706-4bec-d2fefe07152c.htm">Bdd<wbr />Manager</a></li></breadcrumbs><tocItems><li><a id="4b3909e7-7b4f-c952-aadb-afbabbfe982c" class="has-submenu" href="4b3909e7-7b4f-c952-aadb-afbabbfe982c.htm"><span data-tocFile="../toc/IDAAAA.xml" class="icon toggle" onclick="ToggleExpandCollapse(this); return false;"><i class="fa fa-angle-right"> </i></span>Methods</a><ul class="toc-menu is-hidden"> </ul></li></tocItems></toc>