﻿<?xml version="1.0" encoding="utf-8"?><toc><breadcrumbs><li><a href="d75eb659-6335-53f6-af7a-81814a21ab7f.htm">Docs</a></li><li><a href="d75eb659-6335-53f6-af7a-81814a21ab7f.htm">Namespaces</a></li><li><a href="20130808-7da4-d4c9-3981-c3a2a456d4bf.htm">atelier<wbr />2persoabsences.<wbr />dal</a></li><li><a href="cae86760-3126-534f-d5e8-25c10dd928c9.htm">Access</a></li><li><a href="256e8723-910d-053a-0c35-2d6bc5972956.htm">Properties</a></li></breadcrumbs><tocItems><li><a id="05bc2fae-c74f-5aad-2884-b47482878a91" href="05bc2fae-c74f-5aad-2884-b47482878a91.htm">Manager</a></li></tocItems></toc>