﻿<?xml version="1.0" encoding="utf-8"?><toc><breadcrumbs><li><a href="d75eb659-6335-53f6-af7a-81814a21ab7f.htm">Docs</a></li><li><a href="d75eb659-6335-53f6-af7a-81814a21ab7f.htm">Namespaces</a></li><li><a href="20130808-7da4-d4c9-3981-c3a2a456d4bf.htm">atelier<wbr />2persoabsences.<wbr />dal</a></li><li><a href="552f75c5-c5ad-a4af-ee3e-fddf0a180573.htm">Absence<wbr />Access</a></li></breadcrumbs><tocItems><li><a id="de814248-2374-6a9f-b0fa-8854d5314467" href="de814248-2374-6a9f-b0fa-8854d5314467.htm">Constructor</a></li><li><a id="8e4c0543-146a-d143-f42f-85f74b430645" href="8e4c0543-146a-d143-f42f-85f74b430645.htm">Methods</a></li></tocItems></toc>