﻿<?xml version="1.0" encoding="utf-8"?><toc><breadcrumbs><li><a href="d75eb659-6335-53f6-af7a-81814a21ab7f.htm">Docs</a></li><li><a href="d75eb659-6335-53f6-af7a-81814a21ab7f.htm">Namespaces</a></li><li><a href="e2313cd9-8009-7ec7-5803-557fbbf5b2a1.htm">atelier<wbr />2persoabsences.<wbr />model</a></li><li><a href="f4402a82-79bc-839d-82c3-13b8cce5bd85.htm">Absence</a></li></breadcrumbs><tocItems><li><a id="a1689214-635c-27f3-218d-cb5ccbffe9d4" href="a1689214-635c-27f3-218d-cb5ccbffe9d4.htm">Constructor</a></li><li><a id="f65e3171-d907-6795-de1d-0ea62f323c40" class="has-submenu" href="f65e3171-d907-6795-de1d-0ea62f323c40.htm"><span data-tocFile="../toc/IDBACA.xml" class="icon toggle" onclick="ToggleExpandCollapse(this); return false;"><i class="fa fa-angle-right"> </i></span>Properties</a><ul class="toc-menu is-hidden"> </ul></li><li><a id="72fcb033-a9ac-667f-d76c-cc037463265f" href="72fcb033-a9ac-667f-d76c-cc037463265f.htm">Methods</a></li></tocItems></toc>