﻿<?xml version="1.0" encoding="utf-8"?><toc><breadcrumbs><li><a href="d75eb659-6335-53f6-af7a-81814a21ab7f.htm">Docs</a></li><li><a href="d75eb659-6335-53f6-af7a-81814a21ab7f.htm">Namespaces</a></li><li><a href="9822ef44-8f0f-6a55-a3d3-6494345b3e90.htm">atelier<wbr />2persoabsences.<wbr />view</a></li><li><a href="8048f3dd-1c30-b8af-065b-78d04813a4d2.htm">Form<wbr />Personnel</a></li><li><a href="8a088c8d-dd97-5915-6b92-7acacc4759f3.htm">Methods</a></li><li><a href="df8aa4f6-c81c-a037-bef0-fb4977c58e3c.htm">Dispose</a></li></breadcrumbs><tocItems><li><a id="cb340ea0-f530-0a8d-53a6-129db331d04d" href="cb340ea0-f530-0a8d-53a6-129db331d04d.htm">Dispose(<wbr />Boolean)</a></li></tocItems></toc>