﻿<?xml version="1.0" encoding="utf-8"?><toc><breadcrumbs><li><a href="d75eb659-6335-53f6-af7a-81814a21ab7f.htm">Docs</a></li><li><a href="d75eb659-6335-53f6-af7a-81814a21ab7f.htm">Namespaces</a></li><li><a href="9822ef44-8f0f-6a55-a3d3-6494345b3e90.htm">atelier<wbr />2persoabsences.<wbr />view</a></li><li><a href="c05811c1-b160-e689-e918-b0596d7237b5.htm">Form<wbr />Absences</a></li></breadcrumbs><tocItems><li><a id="02ce9a4a-201b-69c8-5eda-d1b5934b2d26" href="02ce9a4a-201b-69c8-5eda-d1b5934b2d26.htm">Constructor</a></li><li><a id="8cf5e230-0f51-1071-9c3b-e2d2221f6727" href="8cf5e230-0f51-1071-9c3b-e2d2221f6727.htm">Properties</a></li><li><a id="c09dd7ad-ffcc-a814-1f1a-48e6a6fe06c0" class="has-submenu" href="c09dd7ad-ffcc-a814-1f1a-48e6a6fe06c0.htm"><span data-tocFile="../toc/IDCADA.xml" class="icon toggle" onclick="ToggleExpandCollapse(this); return false;"><i class="fa fa-angle-right"> </i></span>Methods</a><ul class="toc-menu is-hidden"> </ul></li><li><a id="53199575-1ece-5f99-1949-b5cbc0aeb6a1" href="53199575-1ece-5f99-1949-b5cbc0aeb6a1.htm">Events</a></li></tocItems></toc>