﻿<?xml version="1.0" encoding="utf-8"?><toc><breadcrumbs><li><a href="d75eb659-6335-53f6-af7a-81814a21ab7f.htm">Docs</a></li><li><a href="d75eb659-6335-53f6-af7a-81814a21ab7f.htm">Namespaces</a></li><li><a href="20130808-7da4-d4c9-3981-c3a2a456d4bf.htm">atelier<wbr />2persoabsences.<wbr />dal</a></li></breadcrumbs><tocItems><li><a id="552f75c5-c5ad-a4af-ee3e-fddf0a180573" class="has-submenu" href="552f75c5-c5ad-a4af-ee3e-fddf0a180573.htm"><span data-tocFile="../toc/IDABA.xml" class="icon toggle" onclick="ToggleExpandCollapse(this); return false;"><i class="fa fa-angle-right"> </i></span>Absence<wbr />Access</a><ul class="toc-menu is-hidden"> </ul></li><li><a id="cae86760-3126-534f-d5e8-25c10dd928c9" class="has-submenu" href="cae86760-3126-534f-d5e8-25c10dd928c9.htm"><span data-tocFile="../toc/IDBBA.xml" class="icon toggle" onclick="ToggleExpandCollapse(this); return false;"><i class="fa fa-angle-right"> </i></span>Access</a><ul class="toc-menu is-hidden"> </ul></li><li><a id="a07e2e4f-25c7-4f80-0323-332b8b1f6ace" class="has-submenu" href="a07e2e4f-25c7-4f80-0323-332b8b1f6ace.htm"><span data-tocFile="../toc/IDCBA.xml" class="icon toggle" onclick="ToggleExpandCollapse(this); return false;"><i class="fa fa-angle-right"> </i></span>Motif<wbr />Access</a><ul class="toc-menu is-hidden"> </ul></li><li><a id="0cc8238e-a55f-3d09-f504-037a5f4f60cf" class="has-submenu" href="0cc8238e-a55f-3d09-f504-037a5f4f60cf.htm"><span data-tocFile="../toc/IDDBA.xml" class="icon toggle" onclick="ToggleExpandCollapse(this); return false;"><i class="fa fa-angle-right"> </i></span>Personnel<wbr />Access</a><ul class="toc-menu is-hidden"> </ul></li><li><a id="031b01ce-7faf-4d49-6b91-8d353ae423d6" class="has-submenu" href="031b01ce-7faf-4d49-6b91-8d353ae423d6.htm"><span data-tocFile="../toc/IDEBA.xml" class="icon toggle" onclick="ToggleExpandCollapse(this); return false;"><i class="fa fa-angle-right"> </i></span>Service<wbr />Access</a><ul class="toc-menu is-hidden"> </ul></li></tocItems></toc>