﻿<?xml version="1.0" encoding="utf-8"?><toc><breadcrumbs><li><a href="d75eb659-6335-53f6-af7a-81814a21ab7f.htm">Docs</a></li><li><a href="d75eb659-6335-53f6-af7a-81814a21ab7f.htm">Namespaces</a></li><li><a href="e2313cd9-8009-7ec7-5803-557fbbf5b2a1.htm">atelier<wbr />2persoabsences.<wbr />model</a></li><li><a href="f4402a82-79bc-839d-82c3-13b8cce5bd85.htm">Absence</a></li><li><a href="f65e3171-d907-6795-de1d-0ea62f323c40.htm">Properties</a></li></breadcrumbs><tocItems><li><a id="ebd00229-f6f5-87ff-8190-917fe85794b9" href="ebd00229-f6f5-87ff-8190-917fe85794b9.htm">Datedebut</a></li><li><a id="26493200-1827-df4e-51ad-d2697739ef6a" href="26493200-1827-df4e-51ad-d2697739ef6a.htm">Datefin</a></li><li><a id="77466a06-c947-4daf-9e5f-9259a7092420" href="77466a06-c947-4daf-9e5f-9259a7092420.htm">Motif</a></li><li><a id="121491ef-b1a6-4904-35d1-28edd45fff99" href="121491ef-b1a6-4904-35d1-28edd45fff99.htm">Personnel</a></li></tocItems></toc>