﻿<?xml version="1.0" encoding="utf-8"?><toc><breadcrumbs><li><a href="d75eb659-6335-53f6-af7a-81814a21ab7f.htm">Docs</a></li><li><a href="d75eb659-6335-53f6-af7a-81814a21ab7f.htm">Namespaces</a></li><li><a href="e2313cd9-8009-7ec7-5803-557fbbf5b2a1.htm">atelier<wbr />2persoabsences.<wbr />model</a></li><li><a href="ba2d200d-3a78-27d0-b876-b57b2716cdb6.htm">Motif</a></li><li><a href="ff9343e6-8291-3fe3-eaca-eb08ae56147b.htm">Properties</a></li></breadcrumbs><tocItems><li><a id="1d10b810-4aa1-7ab1-da5d-725e96e45288" href="1d10b810-4aa1-7ab1-da5d-725e96e45288.htm">Idmotif</a></li><li><a id="8cfd819b-6d34-9fb4-f22e-4c579d091d80" href="8cfd819b-6d34-9fb4-f22e-4c579d091d80.htm">Libelle</a></li></tocItems></toc>