﻿<?xml version="1.0" encoding="utf-8"?><toc><breadcrumbs><li><a href="d75eb659-6335-53f6-af7a-81814a21ab7f.htm">Docs</a></li><li><a href="d75eb659-6335-53f6-af7a-81814a21ab7f.htm">Namespaces</a></li><li><a href="20130808-7da4-d4c9-3981-c3a2a456d4bf.htm">atelier<wbr />2persoabsences.<wbr />dal</a></li><li><a href="cae86760-3126-534f-d5e8-25c10dd928c9.htm">Access</a></li></breadcrumbs><tocItems><li><a id="256e8723-910d-053a-0c35-2d6bc5972956" class="has-submenu" href="256e8723-910d-053a-0c35-2d6bc5972956.htm"><span data-tocFile="../toc/IDABBA.xml" class="icon toggle" onclick="ToggleExpandCollapse(this); return false;"><i class="fa fa-angle-right"> </i></span>Properties</a><ul class="toc-menu is-hidden"> </ul></li><li><a id="97b04cf9-b37d-39a0-8b88-b1b82881a938" class="has-submenu" href="97b04cf9-b37d-39a0-8b88-b1b82881a938.htm"><span data-tocFile="../toc/IDBBBA.xml" class="icon toggle" onclick="ToggleExpandCollapse(this); return false;"><i class="fa fa-angle-right"> </i></span>Methods</a><ul class="toc-menu is-hidden"> </ul></li></tocItems></toc>