﻿<?xml version="1.0" encoding="utf-8"?><toc><breadcrumbs><li><a href="d75eb659-6335-53f6-af7a-81814a21ab7f.htm">Docs</a></li><li><a href="d75eb659-6335-53f6-af7a-81814a21ab7f.htm">Namespaces</a></li><li><a href="e2313cd9-8009-7ec7-5803-557fbbf5b2a1.htm">atelier<wbr />2persoabsences.<wbr />model</a></li><li><a href="ba2d200d-3a78-27d0-b876-b57b2716cdb6.htm">Motif</a></li></breadcrumbs><tocItems><li><a id="8ce12366-0e9a-4c71-f1bd-ed711af72a5c" href="8ce12366-0e9a-4c71-f1bd-ed711af72a5c.htm">Constructor</a></li><li><a id="ff9343e6-8291-3fe3-eaca-eb08ae56147b" class="has-submenu" href="ff9343e6-8291-3fe3-eaca-eb08ae56147b.htm"><span data-tocFile="../toc/IDBBCA.xml" class="icon toggle" onclick="ToggleExpandCollapse(this); return false;"><i class="fa fa-angle-right"> </i></span>Properties</a><ul class="toc-menu is-hidden"> </ul></li><li><a id="5522b2fb-828b-bea9-6a00-57a659a05777" href="5522b2fb-828b-bea9-6a00-57a659a05777.htm">Methods</a></li></tocItems></toc>