﻿<?xml version="1.0" encoding="utf-8"?><toc><breadcrumbs><li><a href="d75eb659-6335-53f6-af7a-81814a21ab7f.htm">Docs</a></li><li><a href="d75eb659-6335-53f6-af7a-81814a21ab7f.htm">Namespaces</a></li><li><a href="e2313cd9-8009-7ec7-5803-557fbbf5b2a1.htm">atelier<wbr />2persoabsences.<wbr />model</a></li><li><a href="a4f02054-d6ca-e0b9-c55b-00a30e456a70.htm">Personnel</a></li><li><a href="253ab5d9-d166-15fd-11db-35ab1a70f5e7.htm">Properties</a></li></breadcrumbs><tocItems><li><a id="ade514ca-c49f-d041-5ff7-ebaaf63efa6c" href="ade514ca-c49f-d041-5ff7-ebaaf63efa6c.htm">Idpersonnel</a></li><li><a id="c1adc5d7-62e9-aa03-c454-8e134aeb66c1" href="c1adc5d7-62e9-aa03-c454-8e134aeb66c1.htm">Mail</a></li><li><a id="f6e79327-d482-875b-cbe1-4b854dc30897" href="f6e79327-d482-875b-cbe1-4b854dc30897.htm">Nom</a></li><li><a id="2ee32fc8-d99a-4ea1-304f-e8d25bce90c1" href="2ee32fc8-d99a-4ea1-304f-e8d25bce90c1.htm">Prenom</a></li><li><a id="54fdf9c8-b435-9c04-10f0-26a317898ea5" href="54fdf9c8-b435-9c04-10f0-26a317898ea5.htm">Service</a></li><li><a id="4ee11faa-da8d-3bdf-cce4-b2e676162445" href="4ee11faa-da8d-3bdf-cce4-b2e676162445.htm">Tel</a></li></tocItems></toc>