﻿<?xml version="1.0" encoding="utf-8"?><toc><breadcrumbs><li><a href="d75eb659-6335-53f6-af7a-81814a21ab7f.htm">Docs</a></li><li><a href="d75eb659-6335-53f6-af7a-81814a21ab7f.htm">Namespaces</a></li><li><a href="9822ef44-8f0f-6a55-a3d3-6494345b3e90.htm">atelier<wbr />2persoabsences.<wbr />view</a></li><li><a href="c9a49c6a-7ee5-c3d6-2a79-7042c8544a92.htm">Form<wbr />Connection</a></li></breadcrumbs><tocItems><li><a id="3ad46b70-925f-1c92-c304-ad463c23d756" href="3ad46b70-925f-1c92-c304-ad463c23d756.htm">Constructor</a></li><li><a id="11c126ef-f362-b94b-4414-8804540a7216" href="11c126ef-f362-b94b-4414-8804540a7216.htm">Properties</a></li><li><a id="c54bdd41-31aa-79c6-c461-ebf542a0eb4e" class="has-submenu" href="c54bdd41-31aa-79c6-c461-ebf542a0eb4e.htm"><span data-tocFile="../toc/IDCBDA.xml" class="icon toggle" onclick="ToggleExpandCollapse(this); return false;"><i class="fa fa-angle-right"> </i></span>Methods</a><ul class="toc-menu is-hidden"> </ul></li><li><a id="c7ca6919-cf85-7c8a-6065-ba7457f5eb6f" href="c7ca6919-cf85-7c8a-6065-ba7457f5eb6f.htm">Events</a></li></tocItems></toc>