﻿<?xml version="1.0" encoding="utf-8"?><toc><breadcrumbs><li><a href="d75eb659-6335-53f6-af7a-81814a21ab7f.htm">Docs</a></li><li><a href="d75eb659-6335-53f6-af7a-81814a21ab7f.htm">Namespaces</a></li><li><a href="e2313cd9-8009-7ec7-5803-557fbbf5b2a1.htm">atelier<wbr />2persoabsences.<wbr />model</a></li><li><a href="5b44ebe9-aca4-e1ac-c1e9-1797197b45fb.htm">Service</a></li><li><a href="43b6ef86-42e2-b348-c92a-33748b891211.htm">Properties</a></li></breadcrumbs><tocItems><li><a id="2a28f2c7-5469-ae58-f38a-d832b41259ed" href="2a28f2c7-5469-ae58-f38a-d832b41259ed.htm">Idservice</a></li><li><a id="010e7d72-61ea-f320-f20f-f469861bb2dd" href="010e7d72-61ea-f320-f20f-f469861bb2dd.htm">Nom</a></li></tocItems></toc>