﻿<?xml version="1.0" encoding="utf-8"?><toc><breadcrumbs><li><a href="d75eb659-6335-53f6-af7a-81814a21ab7f.htm">Docs</a></li><li><a href="d75eb659-6335-53f6-af7a-81814a21ab7f.htm">Namespaces</a></li><li><a href="e2313cd9-8009-7ec7-5803-557fbbf5b2a1.htm">atelier<wbr />2persoabsences.<wbr />model</a></li></breadcrumbs><tocItems><li><a id="f4402a82-79bc-839d-82c3-13b8cce5bd85" class="has-submenu" href="f4402a82-79bc-839d-82c3-13b8cce5bd85.htm"><span data-tocFile="../toc/IDACA.xml" class="icon toggle" onclick="ToggleExpandCollapse(this); return false;"><i class="fa fa-angle-right"> </i></span>Absence</a><ul class="toc-menu is-hidden"> </ul></li><li><a id="ba2d200d-3a78-27d0-b876-b57b2716cdb6" class="has-submenu" href="ba2d200d-3a78-27d0-b876-b57b2716cdb6.htm"><span data-tocFile="../toc/IDBCA.xml" class="icon toggle" onclick="ToggleExpandCollapse(this); return false;"><i class="fa fa-angle-right"> </i></span>Motif</a><ul class="toc-menu is-hidden"> </ul></li><li><a id="a4f02054-d6ca-e0b9-c55b-00a30e456a70" class="has-submenu" href="a4f02054-d6ca-e0b9-c55b-00a30e456a70.htm"><span data-tocFile="../toc/IDCCA.xml" class="icon toggle" onclick="ToggleExpandCollapse(this); return false;"><i class="fa fa-angle-right"> </i></span>Personnel</a><ul class="toc-menu is-hidden"> </ul></li><li><a id="5b44ebe9-aca4-e1ac-c1e9-1797197b45fb" class="has-submenu" href="5b44ebe9-aca4-e1ac-c1e9-1797197b45fb.htm"><span data-tocFile="../toc/IDDCA.xml" class="icon toggle" onclick="ToggleExpandCollapse(this); return false;"><i class="fa fa-angle-right"> </i></span>Service</a><ul class="toc-menu is-hidden"> </ul></li></tocItems></toc>