﻿<?xml version="1.0" encoding="utf-8"?><toc><breadcrumbs><li><a href="d75eb659-6335-53f6-af7a-81814a21ab7f.htm">Docs</a></li><li><a href="d75eb659-6335-53f6-af7a-81814a21ab7f.htm">Namespaces</a></li><li><a href="9822ef44-8f0f-6a55-a3d3-6494345b3e90.htm">atelier<wbr />2persoabsences.<wbr />view</a></li><li><a href="c05811c1-b160-e689-e918-b0596d7237b5.htm">Form<wbr />Absences</a></li><li><a href="c09dd7ad-ffcc-a814-1f1a-48e6a6fe06c0.htm">Methods</a></li></breadcrumbs><tocItems><li><a id="cf54bb56-10d3-753e-d41a-a0e24ce8c763" class="has-submenu" href="cf54bb56-10d3-753e-d41a-a0e24ce8c763.htm"><span data-tocFile="../toc/IDACADA.xml" class="icon toggle" onclick="ToggleExpandCollapse(this); return false;"><i class="fa fa-angle-right"> </i></span>Dispose</a><ul class="toc-menu is-hidden"> </ul></li></tocItems></toc>