﻿<?xml version="1.0" encoding="utf-8"?><toc><breadcrumbs><li><a href="d75eb659-6335-53f6-af7a-81814a21ab7f.htm">Docs</a></li><li><a href="d75eb659-6335-53f6-af7a-81814a21ab7f.htm">Namespaces</a></li><li><a href="20130808-7da4-d4c9-3981-c3a2a456d4bf.htm">atelier<wbr />2persoabsences.<wbr />dal</a></li><li><a href="a07e2e4f-25c7-4f80-0323-332b8b1f6ace.htm">Motif<wbr />Access</a></li></breadcrumbs><tocItems><li><a id="63847604-c90b-e88e-7eec-7be1e04a3672" href="63847604-c90b-e88e-7eec-7be1e04a3672.htm">Constructor</a></li><li><a id="6b2402e4-a18a-f523-3f81-cbaa82cb822b" href="6b2402e4-a18a-f523-3f81-cbaa82cb822b.htm">Methods</a></li></tocItems></toc>