﻿<?xml version="1.0" encoding="utf-8"?><toc><breadcrumbs><li><a href="d75eb659-6335-53f6-af7a-81814a21ab7f.htm">Docs</a></li><li><a href="d75eb659-6335-53f6-af7a-81814a21ab7f.htm">Namespaces</a></li><li><a href="9822ef44-8f0f-6a55-a3d3-6494345b3e90.htm">atelier<wbr />2persoabsences.<wbr />view</a></li><li><a href="c9a49c6a-7ee5-c3d6-2a79-7042c8544a92.htm">Form<wbr />Connection</a></li><li><a href="c54bdd41-31aa-79c6-c461-ebf542a0eb4e.htm">Methods</a></li></breadcrumbs><tocItems><li><a id="3b51aa23-05da-3aa6-f459-174ff77851f2" class="has-submenu" href="3b51aa23-05da-3aa6-f459-174ff77851f2.htm"><span data-tocFile="../toc/IDACBDA.xml" class="icon toggle" onclick="ToggleExpandCollapse(this); return false;"><i class="fa fa-angle-right"> </i></span>Dispose</a><ul class="toc-menu is-hidden"> </ul></li></tocItems></toc>