﻿<?xml version="1.0" encoding="utf-8"?><toc><breadcrumbs><li><a href="d75eb659-6335-53f6-af7a-81814a21ab7f.htm">Docs</a></li><li><a href="d75eb659-6335-53f6-af7a-81814a21ab7f.htm">Namespaces</a></li><li><a href="e2313cd9-8009-7ec7-5803-557fbbf5b2a1.htm">atelier<wbr />2persoabsences.<wbr />model</a></li><li><a href="a4f02054-d6ca-e0b9-c55b-00a30e456a70.htm">Personnel</a></li></breadcrumbs><tocItems><li><a id="ccd4d05c-3b68-92b7-6ff0-6a30d274aaef" href="ccd4d05c-3b68-92b7-6ff0-6a30d274aaef.htm">Constructor</a></li><li><a id="253ab5d9-d166-15fd-11db-35ab1a70f5e7" class="has-submenu" href="253ab5d9-d166-15fd-11db-35ab1a70f5e7.htm"><span data-tocFile="../toc/IDBCCA.xml" class="icon toggle" onclick="ToggleExpandCollapse(this); return false;"><i class="fa fa-angle-right"> </i></span>Properties</a><ul class="toc-menu is-hidden"> </ul></li><li><a id="0dbede46-cad5-ecee-1d00-3af5392a5697" href="0dbede46-cad5-ecee-1d00-3af5392a5697.htm">Methods</a></li></tocItems></toc>