﻿<?xml version="1.0" encoding="utf-8"?><toc><breadcrumbs><li><a href="d75eb659-6335-53f6-af7a-81814a21ab7f.htm">Docs</a></li><li><a href="d75eb659-6335-53f6-af7a-81814a21ab7f.htm">Namespaces</a></li><li><a href="9822ef44-8f0f-6a55-a3d3-6494345b3e90.htm">atelier<wbr />2persoabsences.<wbr />view</a></li><li><a href="8048f3dd-1c30-b8af-065b-78d04813a4d2.htm">Form<wbr />Personnel</a></li><li><a href="8a088c8d-dd97-5915-6b92-7acacc4759f3.htm">Methods</a></li></breadcrumbs><tocItems><li><a id="df8aa4f6-c81c-a037-bef0-fb4977c58e3c" class="has-submenu" href="df8aa4f6-c81c-a037-bef0-fb4977c58e3c.htm"><span data-tocFile="../toc/IDACCDA.xml" class="icon toggle" onclick="ToggleExpandCollapse(this); return false;"><i class="fa fa-angle-right"> </i></span>Dispose</a><ul class="toc-menu is-hidden"> </ul></li></tocItems></toc>