﻿<?xml version="1.0" encoding="utf-8"?><toc><breadcrumbs><li><a href="d75eb659-6335-53f6-af7a-81814a21ab7f.htm">Docs</a></li><li><a href="d75eb659-6335-53f6-af7a-81814a21ab7f.htm">Namespaces</a></li><li><a href="9822ef44-8f0f-6a55-a3d3-6494345b3e90.htm">atelier<wbr />2persoabsences.<wbr />view</a></li><li><a href="8048f3dd-1c30-b8af-065b-78d04813a4d2.htm">Form<wbr />Personnel</a></li></breadcrumbs><tocItems><li><a id="c4a04da5-fc1b-eada-ae2e-76089efd233e" href="c4a04da5-fc1b-eada-ae2e-76089efd233e.htm">Constructor</a></li><li><a id="0ccd55a9-7f37-a29c-f86f-7deff5c58788" href="0ccd55a9-7f37-a29c-f86f-7deff5c58788.htm">Properties</a></li><li><a id="8a088c8d-dd97-5915-6b92-7acacc4759f3" class="has-submenu" href="8a088c8d-dd97-5915-6b92-7acacc4759f3.htm"><span data-tocFile="../toc/IDCCDA.xml" class="icon toggle" onclick="ToggleExpandCollapse(this); return false;"><i class="fa fa-angle-right"> </i></span>Methods</a><ul class="toc-menu is-hidden"> </ul></li><li><a id="d2f89b69-6182-ae04-a7ea-833b4319f119" href="d2f89b69-6182-ae04-a7ea-833b4319f119.htm">Events</a></li></tocItems></toc>