﻿<?xml version="1.0" encoding="utf-8"?><toc><breadcrumbs><li><a href="d75eb659-6335-53f6-af7a-81814a21ab7f.htm">Docs</a></li><li><a href="d75eb659-6335-53f6-af7a-81814a21ab7f.htm">Namespaces</a></li><li><a href="9822ef44-8f0f-6a55-a3d3-6494345b3e90.htm">atelier<wbr />2persoabsences.<wbr />view</a></li></breadcrumbs><tocItems><li><a id="c05811c1-b160-e689-e918-b0596d7237b5" class="has-submenu" href="c05811c1-b160-e689-e918-b0596d7237b5.htm"><span data-tocFile="../toc/IDADA.xml" class="icon toggle" onclick="ToggleExpandCollapse(this); return false;"><i class="fa fa-angle-right"> </i></span>Form<wbr />Absences</a><ul class="toc-menu is-hidden"> </ul></li><li><a id="c9a49c6a-7ee5-c3d6-2a79-7042c8544a92" class="has-submenu" href="c9a49c6a-7ee5-c3d6-2a79-7042c8544a92.htm"><span data-tocFile="../toc/IDBDA.xml" class="icon toggle" onclick="ToggleExpandCollapse(this); return false;"><i class="fa fa-angle-right"> </i></span>Form<wbr />Connection</a><ul class="toc-menu is-hidden"> </ul></li><li><a id="8048f3dd-1c30-b8af-065b-78d04813a4d2" class="has-submenu" href="8048f3dd-1c30-b8af-065b-78d04813a4d2.htm"><span data-tocFile="../toc/IDCDA.xml" class="icon toggle" onclick="ToggleExpandCollapse(this); return false;"><i class="fa fa-angle-right"> </i></span>Form<wbr />Personnel</a><ul class="toc-menu is-hidden"> </ul></li></tocItems></toc>