﻿<?xml version="1.0" encoding="utf-8"?><toc><breadcrumbs><li><a href="d75eb659-6335-53f6-af7a-81814a21ab7f.htm">Docs</a></li><li><a href="d75eb659-6335-53f6-af7a-81814a21ab7f.htm">Namespaces</a></li><li><a href="20130808-7da4-d4c9-3981-c3a2a456d4bf.htm">atelier<wbr />2persoabsences.<wbr />dal</a></li><li><a href="0cc8238e-a55f-3d09-f504-037a5f4f60cf.htm">Personnel<wbr />Access</a></li></breadcrumbs><tocItems><li><a id="c85fd601-1ed5-0602-284f-8df0cd249c6c" href="c85fd601-1ed5-0602-284f-8df0cd249c6c.htm">Constructor</a></li><li><a id="e23c217d-6680-450c-3a7f-d12c47ccbca7" href="e23c217d-6680-450c-3a7f-d12c47ccbca7.htm">Methods</a></li></tocItems></toc>