﻿<?xml version="1.0" encoding="utf-8"?><toc><breadcrumbs><li><a href="d75eb659-6335-53f6-af7a-81814a21ab7f.htm">Docs</a></li><li><a href="d75eb659-6335-53f6-af7a-81814a21ab7f.htm">Namespaces</a></li><li><a href="e2313cd9-8009-7ec7-5803-557fbbf5b2a1.htm">atelier<wbr />2persoabsences.<wbr />model</a></li><li><a href="5b44ebe9-aca4-e1ac-c1e9-1797197b45fb.htm">Service</a></li></breadcrumbs><tocItems><li><a id="0135f9bb-bda2-bfae-f5ba-cc8ed50ada9b" href="0135f9bb-bda2-bfae-f5ba-cc8ed50ada9b.htm">Constructor</a></li><li><a id="43b6ef86-42e2-b348-c92a-33748b891211" class="has-submenu" href="43b6ef86-42e2-b348-c92a-33748b891211.htm"><span data-tocFile="../toc/IDBDCA.xml" class="icon toggle" onclick="ToggleExpandCollapse(this); return false;"><i class="fa fa-angle-right"> </i></span>Properties</a><ul class="toc-menu is-hidden"> </ul></li><li><a id="27856031-8888-21b4-9799-f08dc858155a" href="27856031-8888-21b4-9799-f08dc858155a.htm">Methods</a></li></tocItems></toc>