﻿<?xml version="1.0" encoding="utf-8"?><toc><breadcrumbs><li><a href="d75eb659-6335-53f6-af7a-81814a21ab7f.htm">Docs</a></li><li><a href="d75eb659-6335-53f6-af7a-81814a21ab7f.htm">Namespaces</a></li><li><a href="20130808-7da4-d4c9-3981-c3a2a456d4bf.htm">atelier<wbr />2persoabsences.<wbr />dal</a></li><li><a href="031b01ce-7faf-4d49-6b91-8d353ae423d6.htm">Service<wbr />Access</a></li></breadcrumbs><tocItems><li><a id="11f46600-36a0-ad94-d6ec-a822ba59ca7f" href="11f46600-36a0-ad94-d6ec-a822ba59ca7f.htm">Constructor</a></li><li><a id="df67c0aa-f06c-f7f8-1d40-a765807f59ec" href="df67c0aa-f06c-f7f8-1d40-a765807f59ec.htm">Methods</a></li></tocItems></toc>